user_id,timestamp,latitude,longitude,interest,location_cluster
4,2024-01-01 00:00:00,21.122951179695665,79.06388126700782,Singing,0
5,2024-01-01 01:00:00,21.17072386343134,79.01525390429143,Guitar,1
3,2024-01-01 02:00:00,21.202096780577005,79.06365853487708,Badminton,2
5,2024-01-01 03:00:00,21.0596546918643,79.01719338348013,Guitar,3
5,2024-01-01 04:00:00,21.19255685129068,79.0450839371404,Guitar,4
2,2024-01-01 05:00:00,21.0596546918643,79.01719338348013,Coding,3
3,2024-01-01 06:00:00,21.11246626812033,79.09208418826174,Badminton,5
3,2024-01-01 07:00:00,21.202096780577005,79.06365853487708,Badminton,2
3,2024-01-01 08:00:00,21.202096780577005,79.06365853487708,Badminton,2
5,2024-01-01 09:00:00,21.0596546918643,79.01719338348013,Guitar,3
4,2024-01-01 10:00:00,21.0596546918643,79.01719338348013,Singing,3
3,2024-01-01 11:00:00,21.202096780577005,79.06365853487708,Badminton,2
5,2024-01-01 12:00:00,21.0596546918643,79.01719338348013,Guitar,3
2,2024-01-01 13:00:00,21.0596546918643,79.01719338348013,Coding,3
4,2024-01-01 14:00:00,21.1346345994366,79.03469532018963,Singing,6
2,2024-01-01 15:00:00,21.116632988644838,79.04375565378935,Coding,6
4,2024-01-01 16:00:00,21.0596546918643,79.01719338348013,Singing,3
5,2024-01-01 17:00:00,21.0596546918643,79.01719338348013,Guitar,3
1,2024-01-01 18:00:00,21.0596546918643,79.01719338348013,Gym,3
4,2024-01-01 19:00:00,21.0596546918643,79.01719338348013,Singing,3
2,2024-01-01 20:00:00,21.0596546918643,79.01719338348013,Coding,3
5,2024-01-01 21:00:00,21.0596546918643,79.01719338348013,Guitar,3
4,2024-01-01 22:00:00,21.122951179695665,79.06388126700782,Singing,0
1,2024-01-01 23:00:00,21.0978421648822,79.1654240021961,Gym,7
1,2024-01-02 00:00:00,21.0596546918643,79.01719338348013,Gym,3
3,2024-01-02 01:00:00,21.202096780577005,79.06365853487708,Badminton,2
3,2024-01-02 02:00:00,21.202096780577005,79.06365853487708,Badminton,2
2,2024-01-02 03:00:00,21.0596546918643,79.01719338348013,Coding,3
4,2024-01-02 04:00:00,21.0596546918643,79.01719338348013,Singing,3
4,2024-01-02 05:00:00,21.122951179695665,79.06388126700782,Singing,0
3,2024-01-02 06:00:00,21.202096780577005,79.06365853487708,Badminton,2
4,2024-01-02 07:00:00,21.122951179695665,79.06388126700782,Singing,0
4,2024-01-02 08:00:00,21.122951179695665,79.06388126700782,Singing,0
1,2024-01-02 09:00:00,21.0596546918643,79.01719338348013,Gym,3
3,2024-01-02 10:00:00,21.0596546918643,79.01719338348013,Badminton,3
5,2024-01-02 11:00:00,21.0596546918643,79.01719338348013,Guitar,3
3,2024-01-02 12:00:00,21.202096780577005,79.06365853487708,Badminton,2
5,2024-01-02 13:00:00,21.118096097430136,79.04441307790263,Guitar,6
1,2024-01-02 14:00:00,21.0978421648822,79.1654240021961,Gym,7
2,2024-01-02 15:00:00,21.0596546918643,79.01719338348013,Coding,3
4,2024-01-02 16:00:00,21.122951179695665,79.06388126700782,Singing,0
1,2024-01-02 17:00:00,21.0596546918643,79.01719338348013,Gym,3
4,2024-01-02 18:00:00,21.137330931627975,79.02707446731435,Singing,6
2,2024-01-02 19:00:00,21.116632988644838,79.04375565378935,Coding,6
2,2024-01-02 20:00:00,21.0596546918643,79.01719338348013,Coding,3
1,2024-01-02 21:00:00,21.0596546918643,79.01719338348013,Gym,3
2,2024-01-02 22:00:00,21.116632988644838,79.04375565378935,Coding,6
5,2024-01-02 23:00:00,21.0596546918643,79.01719338348013,Guitar,3
2,2024-01-03 00:00:00,21.0596546918643,79.01719338348013,Coding,3
4,2024-01-03 01:00:00,21.0596546918643,79.01719338348013,Singing,3
4,2024-01-03 02:00:00,21.122951179695665,79.06388126700782,Singing,0
4,2024-01-03 03:00:00,21.0596546918643,79.01719338348013,Singing,3
4,2024-01-03 04:00:00,21.122951179695665,79.06388126700782,Singing,0
5,2024-01-03 05:00:00,21.118096097430136,79.04441307790263,Guitar,6
3,2024-01-03 06:00:00,21.0596546918643,79.01719338348013,Badminton,3
1,2024-01-03 07:00:00,21.0596546918643,79.01719338348013,Gym,3
4,2024-01-03 08:00:00,21.183021986456698,79.03971835296184,Singing,-1
2,2024-01-03 09:00:00,21.116632988644838,79.04375565378935,Coding,6
4,2024-01-03 10:00:00,21.0596546918643,79.01719338348013,Singing,3
2,2024-01-03 11:00:00,21.116632988644838,79.04375565378935,Coding,6
2,2024-01-03 12:00:00,21.0596546918643,79.01719338348013,Coding,3
4,2024-01-03 13:00:00,21.0596546918643,79.01719338348013,Singing,3
5,2024-01-03 14:00:00,21.0596546918643,79.01719338348013,Guitar,3
2,2024-01-03 15:00:00,21.0596546918643,79.01719338348013,Coding,3
2,2024-01-03 16:00:00,21.116632988644838,79.04375565378935,Coding,6
4,2024-01-03 17:00:00,21.13418173516979,79.02594234334313,Singing,6
2,2024-01-03 18:00:00,21.0596546918643,79.01719338348013,Coding,3
2,2024-01-03 19:00:00,21.116632988644838,79.04375565378935,Coding,6
4,2024-01-03 20:00:00,21.122951179695665,79.06388126700782,Singing,0
4,2024-01-03 21:00:00,21.122951179695665,79.06388126700782,Singing,0
1,2024-01-03 22:00:00,21.0596546918643,79.01719338348013,Gym,3
5,2024-01-03 23:00:00,21.114011317576647,79.08684679758979,Guitar,5
5,2024-01-04 00:00:00,21.0596546918643,79.01719338348013,Guitar,3
2,2024-01-04 01:00:00,21.142521350446923,79.00224693083202,Coding,8
5,2024-01-04 02:00:00,21.0596546918643,79.01719338348013,Guitar,3
2,2024-01-04 03:00:00,21.116632988644838,79.04375565378935,Coding,6
1,2024-01-04 04:00:00,21.0596546918643,79.01719338348013,Gym,3
4,2024-01-04 05:00:00,21.0596546918643,79.01719338348013,Singing,3
4,2024-01-04 06:00:00,21.15256901823027,79.01716792858483,Singing,1
4,2024-01-04 07:00:00,21.0596546918643,79.01719338348013,Singing,3
5,2024-01-04 08:00:00,21.0596546918643,79.01719338348013,Guitar,3
1,2024-01-04 09:00:00,21.0978421648822,79.1654240021961,Gym,7
5,2024-01-04 10:00:00,21.118096097430136,79.04441307790263,Guitar,6
5,2024-01-04 11:00:00,21.118096097430136,79.04441307790263,Guitar,6
1,2024-01-04 12:00:00,21.0978421648822,79.1654240021961,Gym,7
1,2024-01-04 13:00:00,21.0596546918643,79.01719338348013,Gym,3
1,2024-01-04 14:00:00,21.0596546918643,79.01719338348013,Gym,3
1,2024-01-04 15:00:00,21.15974131021703,79.06005168604337,Gym,2
4,2024-01-04 16:00:00,21.122951179695665,79.06388126700782,Singing,0
3,2024-01-04 17:00:00,21.202096780577005,79.06365853487708,Badminton,2
3,2024-01-04 18:00:00,21.0596546918643,79.01719338348013,Badminton,3
1,2024-01-04 19:00:00,21.0978421648822,79.1654240021961,Gym,7
3,2024-01-04 20:00:00,21.0596546918643,79.01719338348013,Badminton,3
3,2024-01-04 21:00:00,21.202096780577005,79.06365853487708,Badminton,2
1,2024-01-04 22:00:00,21.0978421648822,79.1654240021961,Gym,7
3,2024-01-04 23:00:00,21.0596546918643,79.01719338348013,Badminton,3
5,2024-01-05 00:00:00,21.0596546918643,79.01719338348013,Guitar,3
2,2024-01-05 01:00:00,21.0596546918643,79.01719338348013,Coding,3
2,2024-01-05 02:00:00,21.116632988644838,79.04375565378935,Coding,6
1,2024-01-05 03:00:00,21.0978421648822,79.1654240021961,Gym,7
4,2024-01-05 04:00:00,21.173257209721026,79.02149403785907,Singing,1
1,2024-01-05 05:00:00,21.0596546918643,79.01719338348013,Gym,3
4,2024-01-05 06:00:00,21.0596546918643,79.01719338348013,Singing,3
2,2024-01-05 07:00:00,21.116632988644838,79.04375565378935,Coding,6
1,2024-01-05 08:00:00,21.0596546918643,79.01719338348013,Gym,3
5,2024-01-05 09:00:00,21.118096097430136,79.04441307790263,Guitar,6
3,2024-01-05 10:00:00,21.202096780577005,79.06365853487708,Badminton,2
4,2024-01-05 11:00:00,21.0596546918643,79.01719338348013,Singing,3
3,2024-01-05 12:00:00,21.202096780577005,79.06365853487708,Badminton,2
3,2024-01-05 13:00:00,21.202096780577005,79.06365853487708,Badminton,2
1,2024-01-05 14:00:00,21.0596546918643,79.01719338348013,Gym,3
3,2024-01-05 15:00:00,21.169469647085442,79.027214513723,Badminton,1
5,2024-01-05 16:00:00,21.118096097430136,79.04441307790263,Guitar,6
3,2024-01-05 17:00:00,21.0596546918643,79.01719338348013,Badminton,3
1,2024-01-05 18:00:00,21.0978421648822,79.1654240021961,Gym,7
5,2024-01-05 19:00:00,21.118096097430136,79.04441307790263,Guitar,6
2,2024-01-05 20:00:00,21.0596546918643,79.01719338348013,Coding,3
3,2024-01-05 21:00:00,21.173222488640956,79.08065611478614,Badminton,2
1,2024-01-05 22:00:00,21.0978421648822,79.1654240021961,Gym,7
2,2024-01-05 23:00:00,21.116632988644838,79.04375565378935,Coding,6
2,2024-01-06 00:00:00,21.0596546918643,79.01719338348013,Coding,3
4,2024-01-06 01:00:00,21.0596546918643,79.01719338348013,Singing,3
5,2024-01-06 02:00:00,21.103942681136854,79.07055751725156,Guitar,0
3,2024-01-06 03:00:00,21.202096780577005,79.06365853487708,Badminton,2
1,2024-01-06 04:00:00,21.103394597858582,79.06974202672468,Gym,0
4,2024-01-06 05:00:00,21.0596546918643,79.01719338348013,Singing,3
5,2024-01-06 06:00:00,21.194426648911342,79.04742142166575,Guitar,4
4,2024-01-06 07:00:00,21.131910047324325,79.08289154741506,Singing,5
5,2024-01-06 08:00:00,21.0596546918643,79.01719338348013,Guitar,3
5,2024-01-06 09:00:00,21.118096097430136,79.04441307790263,Guitar,6
3,2024-01-06 10:00:00,21.0596546918643,79.01719338348013,Badminton,3
5,2024-01-06 11:00:00,21.0596546918643,79.01719338348013,Guitar,3
4,2024-01-06 12:00:00,21.122951179695665,79.06388126700782,Singing,0
5,2024-01-06 13:00:00,21.118096097430136,79.04441307790263,Guitar,6
3,2024-01-06 14:00:00,21.0596546918643,79.01719338348013,Badminton,3
3,2024-01-06 15:00:00,21.13187525029321,79.0625891376437,Badminton,0
4,2024-01-06 16:00:00,21.122951179695665,79.06388126700782,Singing,0
2,2024-01-06 17:00:00,21.0596546918643,79.01719338348013,Coding,3
2,2024-01-06 18:00:00,21.0596546918643,79.01719338348013,Coding,3
5,2024-01-06 19:00:00,21.118096097430136,79.04441307790263,Guitar,6
1,2024-01-06 20:00:00,21.0978421648822,79.1654240021961,Gym,7
5,2024-01-06 21:00:00,21.19979341105333,79.03507118154516,Guitar,4
4,2024-01-06 22:00:00,21.122951179695665,79.06388126700782,Singing,0
4,2024-01-06 23:00:00,21.0596546918643,79.01719338348013,Singing,3
4,2024-01-07 00:00:00,21.19840834691993,79.07682734138645,Singing,2
4,2024-01-07 01:00:00,21.0596546918643,79.01719338348013,Singing,3
4,2024-01-07 02:00:00,21.0596546918643,79.01719338348013,Singing,3
3,2024-01-07 03:00:00,21.202096780577005,79.06365853487708,Badminton,2
2,2024-01-07 04:00:00,21.0596546918643,79.01719338348013,Coding,3
4,2024-01-07 05:00:00,21.0596546918643,79.01719338348013,Singing,3
1,2024-01-07 06:00:00,21.0596546918643,79.01719338348013,Gym,3
1,2024-01-07 07:00:00,21.0596546918643,79.01719338348013,Gym,3
1,2024-01-07 08:00:00,21.0596546918643,79.01719338348013,Gym,3
1,2024-01-07 09:00:00,21.0596546918643,79.01719338348013,Gym,3
3,2024-01-07 10:00:00,21.0596546918643,79.01719338348013,Badminton,3
1,2024-01-07 11:00:00,21.0978421648822,79.1654240021961,Gym,7
4,2024-01-07 12:00:00,21.0596546918643,79.01719338348013,Singing,3
5,2024-01-07 13:00:00,21.118096097430136,79.04441307790263,Guitar,6
1,2024-01-07 14:00:00,21.108941100231227,79.04175807757849,Gym,6
3,2024-01-07 15:00:00,21.146740151124988,79.06134113892107,Badminton,2
3,2024-01-07 16:00:00,21.0596546918643,79.01719338348013,Badminton,3
1,2024-01-07 17:00:00,21.0978421648822,79.1654240021961,Gym,7
5,2024-01-07 18:00:00,21.118096097430136,79.04441307790263,Guitar,6
1,2024-01-07 19:00:00,21.0978421648822,79.1654240021961,Gym,7
3,2024-01-07 20:00:00,21.0596546918643,79.01719338348013,Badminton,3
2,2024-01-07 21:00:00,21.0596546918643,79.01719338348013,Coding,3
4,2024-01-07 22:00:00,21.0596546918643,79.01719338348013,Singing,3
3,2024-01-07 23:00:00,21.0596546918643,79.01719338348013,Badminton,3
1,2024-01-08 00:00:00,21.0978421648822,79.1654240021961,Gym,7
4,2024-01-08 01:00:00,21.0596546918643,79.01719338348013,Singing,3
1,2024-01-08 02:00:00,21.19277522831952,79.09949078226464,Gym,-1
1,2024-01-08 03:00:00,21.0596546918643,79.01719338348013,Gym,3
2,2024-01-08 04:00:00,21.0596546918643,79.01719338348013,Coding,3
4,2024-01-08 05:00:00,21.122951179695665,79.06388126700782,Singing,0
4,2024-01-08 06:00:00,21.0596546918643,79.01719338348013,Singing,3
2,2024-01-08 07:00:00,21.116632988644838,79.04375565378935,Coding,6
3,2024-01-08 08:00:00,21.0596546918643,79.01719338348013,Badminton,3
1,2024-01-08 09:00:00,21.0978421648822,79.1654240021961,Gym,7
5,2024-01-08 10:00:00,21.118096097430136,79.04441307790263,Guitar,6
1,2024-01-08 11:00:00,21.0978421648822,79.1654240021961,Gym,7
1,2024-01-08 12:00:00,21.0596546918643,79.01719338348013,Gym,3
3,2024-01-08 13:00:00,21.186212761726544,79.08095160747249,Badminton,2
1,2024-01-08 14:00:00,21.0978421648822,79.1654240021961,Gym,7
2,2024-01-08 15:00:00,21.0596546918643,79.01719338348013,Coding,3
2,2024-01-08 16:00:00,21.0596546918643,79.01719338348013,Coding,3
4,2024-01-08 17:00:00,21.0596546918643,79.01719338348013,Singing,3
5,2024-01-08 18:00:00,21.0596546918643,79.01719338348013,Guitar,3
1,2024-01-08 19:00:00,21.0978421648822,79.1654240021961,Gym,7
1,2024-01-08 20:00:00,21.0596546918643,79.01719338348013,Gym,3
3,2024-01-08 21:00:00,21.0596546918643,79.01719338348013,Badminton,3
2,2024-01-08 22:00:00,21.116632988644838,79.04375565378935,Coding,6
5,2024-01-08 23:00:00,21.118096097430136,79.04441307790263,Guitar,6
4,2024-01-09 00:00:00,21.0596546918643,79.01719338348013,Singing,3
2,2024-01-09 01:00:00,21.13478092079022,79.0678016152559,Coding,0
4,2024-01-09 02:00:00,21.122951179695665,79.06388126700782,Singing,0
3,2024-01-09 03:00:00,21.165845183465844,79.08505817290941,Badminton,2
3,2024-01-09 04:00:00,21.183701332836367,79.06974714616692,Badminton,2
1,2024-01-09 05:00:00,21.0978421648822,79.1654240021961,Gym,7
5,2024-01-09 06:00:00,21.118096097430136,79.04441307790263,Guitar,6
4,2024-01-09 07:00:00,21.102924728303456,79.08258167505647,Singing,5
2,2024-01-09 08:00:00,21.0596546918643,79.01719338348013,Coding,3
3,2024-01-09 09:00:00,21.0596546918643,79.01719338348013,Badminton,3
1,2024-01-09 10:00:00,21.0978421648822,79.1654240021961,Gym,7
1,2024-01-09 11:00:00,21.150746773376085,79.00063858717168,Gym,8
4,2024-01-09 12:00:00,21.0596546918643,79.01719338348013,Singing,3
3,2024-01-09 13:00:00,21.163181352701667,79.02598035810641,Badminton,1
5,2024-01-09 14:00:00,21.118096097430136,79.04441307790263,Guitar,6
3,2024-01-09 15:00:00,21.202096780577005,79.06365853487708,Badminton,2
4,2024-01-09 16:00:00,21.122951179695665,79.06388126700782,Singing,0
4,2024-01-09 17:00:00,21.122951179695665,79.06388126700782,Singing,0
3,2024-01-09 18:00:00,21.11025097279907,79.09372284872364,Badminton,5
4,2024-01-09 19:00:00,21.122951179695665,79.06388126700782,Singing,0
3,2024-01-09 20:00:00,21.0596546918643,79.01719338348013,Badminton,3
2,2024-01-09 21:00:00,21.116632988644838,79.04375565378935,Coding,6
3,2024-01-09 22:00:00,21.202096780577005,79.06365853487708,Badminton,2
3,2024-01-09 23:00:00,21.202096780577005,79.06365853487708,Badminton,2
4,2024-01-10 00:00:00,21.196887785528567,79.07496518317429,Singing,2
4,2024-01-10 01:00:00,21.0596546918643,79.01719338348013,Singing,3
1,2024-01-10 02:00:00,21.0978421648822,79.1654240021961,Gym,7
1,2024-01-10 03:00:00,21.0596546918643,79.01719338348013,Gym,3
2,2024-01-10 04:00:00,21.0596546918643,79.01719338348013,Coding,3
1,2024-01-10 05:00:00,21.0596546918643,79.01719338348013,Gym,3
3,2024-01-10 06:00:00,21.202096780577005,79.06365853487708,Badminton,2
4,2024-01-10 07:00:00,21.0596546918643,79.01719338348013,Singing,3
1,2024-01-10 08:00:00,21.0596546918643,79.01719338348013,Gym,3
1,2024-01-10 09:00:00,21.0978421648822,79.1654240021961,Gym,7
2,2024-01-10 10:00:00,21.0596546918643,79.01719338348013,Coding,3
2,2024-01-10 11:00:00,21.0596546918643,79.01719338348013,Coding,3
3,2024-01-10 12:00:00,21.202096780577005,79.06365853487708,Badminton,2
4,2024-01-10 13:00:00,21.0596546918643,79.01719338348013,Singing,3
2,2024-01-10 14:00:00,21.0596546918643,79.01719338348013,Coding,3
1,2024-01-10 15:00:00,21.0978421648822,79.1654240021961,Gym,7
4,2024-01-10 16:00:00,21.0596546918643,79.01719338348013,Singing,3
4,2024-01-10 17:00:00,21.122951179695665,79.06388126700782,Singing,0
1,2024-01-10 18:00:00,21.0596546918643,79.01719338348013,Gym,3
2,2024-01-10 19:00:00,21.116632988644838,79.04375565378935,Coding,6
1,2024-01-10 20:00:00,21.0978421648822,79.1654240021961,Gym,7
4,2024-01-10 21:00:00,21.0596546918643,79.01719338348013,Singing,3
5,2024-01-10 22:00:00,21.118096097430136,79.04441307790263,Guitar,6
5,2024-01-10 23:00:00,21.118096097430136,79.04441307790263,Guitar,6
3,2024-01-11 00:00:00,21.0596546918643,79.01719338348013,Badminton,3
1,2024-01-11 01:00:00,21.0596546918643,79.01719338348013,Gym,3
1,2024-01-11 02:00:00,21.0978421648822,79.1654240021961,Gym,7
3,2024-01-11 03:00:00,21.202096780577005,79.06365853487708,Badminton,2
3,2024-01-11 04:00:00,21.202096780577005,79.06365853487708,Badminton,2
3,2024-01-11 05:00:00,21.177092184464406,79.08447832281169,Badminton,2
4,2024-01-11 06:00:00,21.122951179695665,79.06388126700782,Singing,0
1,2024-01-11 07:00:00,21.0596546918643,79.01719338348013,Gym,3
4,2024-01-11 08:00:00,21.0596546918643,79.01719338348013,Singing,3
3,2024-01-11 09:00:00,21.202096780577005,79.06365853487708,Badminton,2
1,2024-01-11 10:00:00,21.0978421648822,79.1654240021961,Gym,7
4,2024-01-11 11:00:00,21.0596546918643,79.01719338348013,Singing,3
4,2024-01-11 12:00:00,21.0596546918643,79.01719338348013,Singing,3
3,2024-01-11 13:00:00,21.202096780577005,79.06365853487708,Badminton,2
1,2024-01-11 14:00:00,21.0596546918643,79.01719338348013,Gym,3
3,2024-01-11 15:00:00,21.0596546918643,79.01719338348013,Badminton,3
1,2024-01-11 16:00:00,21.0596546918643,79.01719338348013,Gym,3
5,2024-01-11 17:00:00,21.118096097430136,79.04441307790263,Guitar,6
2,2024-01-11 18:00:00,21.116632988644838,79.04375565378935,Coding,6
2,2024-01-11 19:00:00,21.0596546918643,79.01719338348013,Coding,3
2,2024-01-11 20:00:00,21.0596546918643,79.01719338348013,Coding,3
3,2024-01-11 21:00:00,21.0596546918643,79.01719338348013,Badminton,3
5,2024-01-11 22:00:00,21.0596546918643,79.01719338348013,Guitar,3
1,2024-01-11 23:00:00,21.0596546918643,79.01719338348013,Gym,3
4,2024-01-12 00:00:00,21.122951179695665,79.06388126700782,Singing,0
1,2024-01-12 01:00:00,21.177985098889334,79.00396188253484,Gym,1
4,2024-01-12 02:00:00,21.0596546918643,79.01719338348013,Singing,3
1,2024-01-12 03:00:00,21.0596546918643,79.01719338348013,Gym,3
5,2024-01-12 04:00:00,21.0596546918643,79.01719338348013,Guitar,3
4,2024-01-12 05:00:00,21.122951179695665,79.06388126700782,Singing,0
3,2024-01-12 06:00:00,21.0596546918643,79.01719338348013,Badminton,3
1,2024-01-12 07:00:00,21.155964868348693,79.00097708474192,Gym,8
1,2024-01-12 08:00:00,21.0596546918643,79.01719338348013,Gym,3
4,2024-01-12 09:00:00,21.122951179695665,79.06388126700782,Singing,0
3,2024-01-12 10:00:00,21.0596546918643,79.01719338348013,Badminton,3
3,2024-01-12 11:00:00,21.0596546918643,79.01719338348013,Badminton,3
5,2024-01-12 12:00:00,21.0596546918643,79.01719338348013,Guitar,3
3,2024-01-12 13:00:00,21.0596546918643,79.01719338348013,Badminton,3
3,2024-01-12 14:00:00,21.0596546918643,79.01719338348013,Badminton,3
3,2024-01-12 15:00:00,21.202096780577005,79.06365853487708,Badminton,2
2,2024-01-12 16:00:00,21.116632988644838,79.04375565378935,Coding,6
5,2024-01-12 17:00:00,21.0596546918643,79.01719338348013,Guitar,3
1,2024-01-12 18:00:00,21.0596546918643,79.01719338348013,Gym,3
4,2024-01-12 19:00:00,21.103158614482567,79.09362122462436,Singing,5
1,2024-01-12 20:00:00,21.0596546918643,79.01719338348013,Gym,3
5,2024-01-12 21:00:00,21.187096912374606,79.07140869321324,Guitar,2
4,2024-01-12 22:00:00,21.122951179695665,79.06388126700782,Singing,0
5,2024-01-12 23:00:00,21.118096097430136,79.04441307790263,Guitar,6
3,2024-01-13 00:00:00,21.202096780577005,79.06365853487708,Badminton,2
4,2024-01-13 01:00:00,21.122951179695665,79.06388126700782,Singing,0
3,2024-01-13 02:00:00,21.202096780577005,79.06365853487708,Badminton,2
1,2024-01-13 03:00:00,21.0978421648822,79.1654240021961,Gym,7
1,2024-01-13 04:00:00,21.0596546918643,79.01719338348013,Gym,3
4,2024-01-13 05:00:00,21.0596546918643,79.01719338348013,Singing,3
4,2024-01-13 06:00:00,21.0596546918643,79.01719338348013,Singing,3
5,2024-01-13 07:00:00,21.118096097430136,79.04441307790263,Guitar,6
5,2024-01-13 08:00:00,21.118096097430136,79.04441307790263,Guitar,6
3,2024-01-13 09:00:00,21.0596546918643,79.01719338348013,Badminton,3
4,2024-01-13 10:00:00,21.122951179695665,79.06388126700782,Singing,0
1,2024-01-13 11:00:00,21.0596546918643,79.01719338348013,Gym,3
5,2024-01-13 12:00:00,21.12284547413313,79.09963339160566,Guitar,5
5,2024-01-13 13:00:00,21.118096097430136,79.04441307790263,Guitar,6
1,2024-01-13 14:00:00,21.0596546918643,79.01719338348013,Gym,3
5,2024-01-13 15:00:00,21.118096097430136,79.04441307790263,Guitar,6
3,2024-01-13 16:00:00,21.0596546918643,79.01719338348013,Badminton,3
4,2024-01-13 17:00:00,21.0596546918643,79.01719338348013,Singing,3
1,2024-01-13 18:00:00,21.0596546918643,79.01719338348013,Gym,3
4,2024-01-13 19:00:00,21.174270652119997,79.04254933344481,Singing,2
5,2024-01-13 20:00:00,21.0596546918643,79.01719338348013,Guitar,3
5,2024-01-13 21:00:00,21.0596546918643,79.01719338348013,Guitar,3
1,2024-01-13 22:00:00,21.0978421648822,79.1654240021961,Gym,7
3,2024-01-13 23:00:00,21.202096780577005,79.06365853487708,Badminton,2
2,2024-01-14 00:00:00,21.0596546918643,79.01719338348013,Coding,3
1,2024-01-14 01:00:00,21.0978421648822,79.1654240021961,Gym,7
2,2024-01-14 02:00:00,21.142172092687346,79.0276827797235,Coding,6
2,2024-01-14 03:00:00,21.121066218900566,79.06229665835635,Coding,0
3,2024-01-14 04:00:00,21.113156768512727,79.07158249646821,Badminton,0
2,2024-01-14 05:00:00,21.116632988644838,79.04375565378935,Coding,6
2,2024-01-14 06:00:00,21.0596546918643,79.01719338348013,Coding,3
3,2024-01-14 07:00:00,21.202096780577005,79.06365853487708,Badminton,2
2,2024-01-14 08:00:00,21.116632988644838,79.04375565378935,Coding,6
2,2024-01-14 09:00:00,21.0596546918643,79.01719338348013,Coding,3
2,2024-01-14 10:00:00,21.116632988644838,79.04375565378935,Coding,6
1,2024-01-14 11:00:00,21.0978421648822,79.1654240021961,Gym,7
1,2024-01-14 12:00:00,21.0978421648822,79.1654240021961,Gym,7
1,2024-01-14 13:00:00,21.0596546918643,79.01719338348013,Gym,3
3,2024-01-14 14:00:00,21.202096780577005,79.06365853487708,Badminton,2
5,2024-01-14 15:00:00,21.118096097430136,79.04441307790263,Guitar,6
2,2024-01-14 16:00:00,21.116632988644838,79.04375565378935,Coding,6
2,2024-01-14 17:00:00,21.116632988644838,79.04375565378935,Coding,6
3,2024-01-14 18:00:00,21.0596546918643,79.01719338348013,Badminton,3
2,2024-01-14 19:00:00,21.0596546918643,79.01719338348013,Coding,3
1,2024-01-14 20:00:00,21.0596546918643,79.01719338348013,Gym,3
5,2024-01-14 21:00:00,21.118096097430136,79.04441307790263,Guitar,6
4,2024-01-14 22:00:00,21.122951179695665,79.06388126700782,Singing,0
2,2024-01-14 23:00:00,21.0596546918643,79.01719338348013,Coding,3
1,2024-01-15 00:00:00,21.116704190790095,79.01676192162883,Gym,9
4,2024-01-15 01:00:00,21.0596546918643,79.01719338348013,Singing,3
5,2024-01-15 02:00:00,21.118096097430136,79.04441307790263,Guitar,6
4,2024-01-15 03:00:00,21.0596546918643,79.01719338348013,Singing,3
1,2024-01-15 04:00:00,21.158535436439674,79.08682712805133,Gym,2
4,2024-01-15 05:00:00,21.0596546918643,79.01719338348013,Singing,3
3,2024-01-15 06:00:00,21.0596546918643,79.01719338348013,Badminton,3
4,2024-01-15 07:00:00,21.0596546918643,79.01719338348013,Singing,3
2,2024-01-15 08:00:00,21.0596546918643,79.01719338348013,Coding,3
2,2024-01-15 09:00:00,21.10393435406685,79.012210991401,Coding,-1
3,2024-01-15 10:00:00,21.0596546918643,79.01719338348013,Badminton,3
1,2024-01-15 11:00:00,21.0978421648822,79.1654240021961,Gym,7
2,2024-01-15 12:00:00,21.116632988644838,79.04375565378935,Coding,6
5,2024-01-15 13:00:00,21.0596546918643,79.01719338348013,Guitar,3
2,2024-01-15 14:00:00,21.10049399809344,79.09518117854232,Coding,5
2,2024-01-15 15:00:00,21.145473985563385,79.05155960285792,Coding,2
1,2024-01-15 16:00:00,21.0596546918643,79.01719338348013,Gym,3
4,2024-01-15 17:00:00,21.122951179695665,79.06388126700782,Singing,0
2,2024-01-15 18:00:00,21.0596546918643,79.01719338348013,Coding,3
3,2024-01-15 19:00:00,21.0596546918643,79.01719338348013,Badminton,3
4,2024-01-15 20:00:00,21.122951179695665,79.06388126700782,Singing,0
5,2024-01-15 21:00:00,21.109390071578943,79.06726021182251,Guitar,0
1,2024-01-15 22:00:00,21.0596546918643,79.01719338348013,Gym,3
5,2024-01-15 23:00:00,21.118096097430136,79.04441307790263,Guitar,6
4,2024-01-16 00:00:00,21.194461421947402,79.06832480282895,Singing,2
4,2024-01-16 01:00:00,21.0596546918643,79.01719338348013,Singing,3
4,2024-01-16 02:00:00,21.15706097466388,79.00303870596969,Singing,8
5,2024-01-16 03:00:00,21.118096097430136,79.04441307790263,Guitar,6
4,2024-01-16 04:00:00,21.122951179695665,79.06388126700782,Singing,0
5,2024-01-16 05:00:00,21.118096097430136,79.04441307790263,Guitar,6
4,2024-01-16 06:00:00,21.122951179695665,79.06388126700782,Singing,0
3,2024-01-16 07:00:00,21.104821203886058,79.09771741842212,Badminton,5
4,2024-01-16 08:00:00,21.0596546918643,79.01719338348013,Singing,3
5,2024-01-16 09:00:00,21.156701626098666,79.07384492092513,Guitar,2
2,2024-01-16 10:00:00,21.116632988644838,79.04375565378935,Coding,6
4,2024-01-16 11:00:00,21.0596546918643,79.01719338348013,Singing,3
2,2024-01-16 12:00:00,21.17622851347766,79.07978136488586,Coding,2
3,2024-01-16 13:00:00,21.0596546918643,79.01719338348013,Badminton,3
1,2024-01-16 14:00:00,21.0978421648822,79.1654240021961,Gym,7
3,2024-01-16 15:00:00,21.202096780577005,79.06365853487708,Badminton,2
4,2024-01-16 16:00:00,21.0596546918643,79.01719338348013,Singing,3
2,2024-01-16 17:00:00,21.0596546918643,79.01719338348013,Coding,3
2,2024-01-16 18:00:00,21.0596546918643,79.01719338348013,Coding,3
5,2024-01-16 19:00:00,21.118096097430136,79.04441307790263,Guitar,6
2,2024-01-16 20:00:00,21.0596546918643,79.01719338348013,Coding,3
5,2024-01-16 21:00:00,21.0596546918643,79.01719338348013,Guitar,3
1,2024-01-16 22:00:00,21.0596546918643,79.01719338348013,Gym,3
4,2024-01-16 23:00:00,21.0596546918643,79.01719338348013,Singing,3
5,2024-01-17 00:00:00,21.0596546918643,79.01719338348013,Guitar,3
1,2024-01-17 01:00:00,21.0978421648822,79.1654240021961,Gym,7
2,2024-01-17 02:00:00,21.116632988644838,79.04375565378935,Coding,6
2,2024-01-17 03:00:00,21.0596546918643,79.01719338348013,Coding,3
1,2024-01-17 04:00:00,21.0978421648822,79.1654240021961,Gym,7
2,2024-01-17 05:00:00,21.0596546918643,79.01719338348013,Coding,3
1,2024-01-17 06:00:00,21.0596546918643,79.01719338348013,Gym,3
5,2024-01-17 07:00:00,21.0596546918643,79.01719338348013,Guitar,3
5,2024-01-17 08:00:00,21.0596546918643,79.01719338348013,Guitar,3
1,2024-01-17 09:00:00,21.0596546918643,79.01719338348013,Gym,3
5,2024-01-17 10:00:00,21.118096097430136,79.04441307790263,Guitar,6
5,2024-01-17 11:00:00,21.181298573871608,79.07181230762265,Guitar,2
5,2024-01-17 12:00:00,21.118096097430136,79.04441307790263,Guitar,6
3,2024-01-17 13:00:00,21.0596546918643,79.01719338348013,Badminton,3
4,2024-01-17 14:00:00,21.0596546918643,79.01719338348013,Singing,3
2,2024-01-17 15:00:00,21.12434822965763,79.09270345447962,Coding,5
3,2024-01-17 16:00:00,21.0596546918643,79.01719338348013,Badminton,3
5,2024-01-17 17:00:00,21.118096097430136,79.04441307790263,Guitar,6
1,2024-01-17 18:00:00,21.0596546918643,79.01719338348013,Gym,3
5,2024-01-17 19:00:00,21.0596546918643,79.01719338348013,Guitar,3
4,2024-01-17 20:00:00,21.0596546918643,79.01719338348013,Singing,3
5,2024-01-17 21:00:00,21.0596546918643,79.01719338348013,Guitar,3
1,2024-01-17 22:00:00,21.0596546918643,79.01719338348013,Gym,3
4,2024-01-17 23:00:00,21.122951179695665,79.06388126700782,Singing,0
5,2024-01-18 00:00:00,21.0596546918643,79.01719338348013,Guitar,3
4,2024-01-18 01:00:00,21.127262400073356,79.04135491015253,Singing,6
2,2024-01-18 02:00:00,21.0596546918643,79.01719338348013,Coding,3
2,2024-01-18 03:00:00,21.0596546918643,79.01719338348013,Coding,3
5,2024-01-18 04:00:00,21.118096097430136,79.04441307790263,Guitar,6
4,2024-01-18 05:00:00,21.110687692309476,79.05673122196289,Singing,0
1,2024-01-18 06:00:00,21.0596546918643,79.01719338348013,Gym,3
5,2024-01-18 07:00:00,21.118096097430136,79.04441307790263,Guitar,6
2,2024-01-18 08:00:00,21.116632988644838,79.04375565378935,Coding,6
2,2024-01-18 09:00:00,21.0596546918643,79.01719338348013,Coding,3
5,2024-01-18 10:00:00,21.160161182014633,79.08191888594267,Guitar,2
4,2024-01-18 11:00:00,21.122951179695665,79.06388126700782,Singing,0
2,2024-01-18 12:00:00,21.0596546918643,79.01719338348013,Coding,3
4,2024-01-18 13:00:00,21.122951179695665,79.06388126700782,Singing,0
2,2024-01-18 14:00:00,21.135342137930273,79.02368705589744,Coding,6
2,2024-01-18 15:00:00,21.116632988644838,79.04375565378935,Coding,6
3,2024-01-18 16:00:00,21.202096780577005,79.06365853487708,Badminton,2
2,2024-01-18 17:00:00,21.116632988644838,79.04375565378935,Coding,6
1,2024-01-18 18:00:00,21.0978421648822,79.1654240021961,Gym,7
5,2024-01-18 19:00:00,21.118096097430136,79.04441307790263,Guitar,6
5,2024-01-18 20:00:00,21.121673980009078,79.00957145555202,Guitar,9
4,2024-01-18 21:00:00,21.0596546918643,79.01719338348013,Singing,3
2,2024-01-18 22:00:00,21.116632988644838,79.04375565378935,Coding,6
1,2024-01-18 23:00:00,21.0978421648822,79.1654240021961,Gym,7
4,2024-01-19 00:00:00,21.0596546918643,79.01719338348013,Singing,3
3,2024-01-19 01:00:00,21.202096780577005,79.06365853487708,Badminton,2
4,2024-01-19 02:00:00,21.122951179695665,79.06388126700782,Singing,0
4,2024-01-19 03:00:00,21.122951179695665,79.06388126700782,Singing,0
2,2024-01-19 04:00:00,21.0596546918643,79.01719338348013,Coding,3
3,2024-01-19 05:00:00,21.202096780577005,79.06365853487708,Badminton,2
4,2024-01-19 06:00:00,21.122951179695665,79.06388126700782,Singing,0
1,2024-01-19 07:00:00,21.0596546918643,79.01719338348013,Gym,3
1,2024-01-19 08:00:00,21.0978421648822,79.1654240021961,Gym,7
5,2024-01-19 09:00:00,21.0596546918643,79.01719338348013,Guitar,3
3,2024-01-19 10:00:00,21.0596546918643,79.01719338348013,Badminton,3
3,2024-01-19 11:00:00,21.0596546918643,79.01719338348013,Badminton,3
5,2024-01-19 12:00:00,21.118096097430136,79.04441307790263,Guitar,6
4,2024-01-19 13:00:00,21.0596546918643,79.01719338348013,Singing,3
3,2024-01-19 14:00:00,21.0596546918643,79.01719338348013,Badminton,3
1,2024-01-19 15:00:00,21.0596546918643,79.01719338348013,Gym,3
1,2024-01-19 16:00:00,21.0596546918643,79.01719338348013,Gym,3
2,2024-01-19 17:00:00,21.116632988644838,79.04375565378935,Coding,6
3,2024-01-19 18:00:00,21.202096780577005,79.06365853487708,Badminton,2
4,2024-01-19 19:00:00,21.16508773690472,79.05329577865513,Singing,2
5,2024-01-19 20:00:00,21.0596546918643,79.01719338348013,Guitar,3
5,2024-01-19 21:00:00,21.0596546918643,79.01719338348013,Guitar,3
4,2024-01-19 22:00:00,21.166183918984938,79.055778341737,Singing,2
2,2024-01-19 23:00:00,21.116632988644838,79.04375565378935,Coding,6
5,2024-01-20 00:00:00,21.0596546918643,79.01719338348013,Guitar,3
3,2024-01-20 01:00:00,21.117530294235767,79.06900048908206,Badminton,0
2,2024-01-20 02:00:00,21.0596546918643,79.01719338348013,Coding,3
3,2024-01-20 03:00:00,21.202096780577005,79.06365853487708,Badminton,2
1,2024-01-20 04:00:00,21.0596546918643,79.01719338348013,Gym,3
2,2024-01-20 05:00:00,21.116632988644838,79.04375565378935,Coding,6
5,2024-01-20 06:00:00,21.192717781947945,79.02346420818554,Guitar,-1
2,2024-01-20 07:00:00,21.0596546918643,79.01719338348013,Coding,3
2,2024-01-20 08:00:00,21.0596546918643,79.01719338348013,Coding,3
2,2024-01-20 09:00:00,21.153995713028056,79.08420332943764,Coding,2
2,2024-01-20 10:00:00,21.116632988644838,79.04375565378935,Coding,6
3,2024-01-20 11:00:00,21.0596546918643,79.01719338348013,Badminton,3
1,2024-01-20 12:00:00,21.0978421648822,79.1654240021961,Gym,7
4,2024-01-20 13:00:00,21.170874469774297,79.00361603805247,Singing,1
2,2024-01-20 14:00:00,21.0596546918643,79.01719338348013,Coding,3
5,2024-01-20 15:00:00,21.0596546918643,79.01719338348013,Guitar,3
2,2024-01-20 16:00:00,21.0596546918643,79.01719338348013,Coding,3
5,2024-01-20 17:00:00,21.0596546918643,79.01719338348013,Guitar,3
3,2024-01-20 18:00:00,21.202096780577005,79.06365853487708,Badminton,2
5,2024-01-20 19:00:00,21.0596546918643,79.01719338348013,Guitar,3
4,2024-01-20 20:00:00,21.0596546918643,79.01719338348013,Singing,3
1,2024-01-20 21:00:00,21.0596546918643,79.01719338348013,Gym,3
5,2024-01-20 22:00:00,21.118096097430136,79.04441307790263,Guitar,6
5,2024-01-20 23:00:00,21.118096097430136,79.04441307790263,Guitar,6
1,2024-01-21 00:00:00,21.120851051435736,79.09305952146438,Gym,5
4,2024-01-21 01:00:00,21.0596546918643,79.01719338348013,Singing,3
2,2024-01-21 02:00:00,21.116632988644838,79.04375565378935,Coding,6
5,2024-01-21 03:00:00,21.180592540011762,79.0790030436307,Guitar,2
1,2024-01-21 04:00:00,21.0596546918643,79.01719338348013,Gym,3
3,2024-01-21 05:00:00,21.0596546918643,79.01719338348013,Badminton,3
1,2024-01-21 06:00:00,21.0596546918643,79.01719338348013,Gym,3
3,2024-01-21 07:00:00,21.0596546918643,79.01719338348013,Badminton,3
4,2024-01-21 08:00:00,21.122951179695665,79.06388126700782,Singing,0
2,2024-01-21 09:00:00,21.116632988644838,79.04375565378935,Coding,6
1,2024-01-21 10:00:00,21.0978421648822,79.1654240021961,Gym,7
5,2024-01-21 11:00:00,21.148706191881892,79.06062529377509,Guitar,2
4,2024-01-21 12:00:00,21.122951179695665,79.06388126700782,Singing,0
1,2024-01-21 13:00:00,21.0978421648822,79.1654240021961,Gym,7
5,2024-01-21 14:00:00,21.0596546918643,79.01719338348013,Guitar,3
1,2024-01-21 15:00:00,21.0596546918643,79.01719338348013,Gym,3
3,2024-01-21 16:00:00,21.0596546918643,79.01719338348013,Badminton,3
1,2024-01-21 17:00:00,21.0596546918643,79.01719338348013,Gym,3
1,2024-01-21 18:00:00,21.0596546918643,79.01719338348013,Gym,3
1,2024-01-21 19:00:00,21.0978421648822,79.1654240021961,Gym,7
4,2024-01-21 20:00:00,21.122951179695665,79.06388126700782,Singing,0
1,2024-01-21 21:00:00,21.0596546918643,79.01719338348013,Gym,3
5,2024-01-21 22:00:00,21.118096097430136,79.04441307790263,Guitar,6
3,2024-01-21 23:00:00,21.0596546918643,79.01719338348013,Badminton,3
3,2024-01-22 00:00:00,21.202096780577005,79.06365853487708,Badminton,2
1,2024-01-22 01:00:00,21.0978421648822,79.1654240021961,Gym,7
4,2024-01-22 02:00:00,21.0596546918643,79.01719338348013,Singing,3
4,2024-01-22 03:00:00,21.0596546918643,79.01719338348013,Singing,3
5,2024-01-22 04:00:00,21.118096097430136,79.04441307790263,Guitar,6
1,2024-01-22 05:00:00,21.0596546918643,79.01719338348013,Gym,3
3,2024-01-22 06:00:00,21.202096780577005,79.06365853487708,Badminton,2
4,2024-01-22 07:00:00,21.123918010421594,79.01422493686871,Singing,9
1,2024-01-22 08:00:00,21.0596546918643,79.01719338348013,Gym,3
4,2024-01-22 09:00:00,21.0596546918643,79.01719338348013,Singing,3
4,2024-01-22 10:00:00,21.0596546918643,79.01719338348013,Singing,3
3,2024-01-22 11:00:00,21.202096780577005,79.06365853487708,Badminton,2
2,2024-01-22 12:00:00,21.181397026950602,79.0615219438231,Coding,2
5,2024-01-22 13:00:00,21.0596546918643,79.01719338348013,Guitar,3
5,2024-01-22 14:00:00,21.118096097430136,79.04441307790263,Guitar,6
3,2024-01-22 15:00:00,21.0596546918643,79.01719338348013,Badminton,3
4,2024-01-22 16:00:00,21.0596546918643,79.01719338348013,Singing,3
1,2024-01-22 17:00:00,21.0978421648822,79.1654240021961,Gym,7
4,2024-01-22 18:00:00,21.0596546918643,79.01719338348013,Singing,3
3,2024-01-22 19:00:00,21.0596546918643,79.01719338348013,Badminton,3
5,2024-01-22 20:00:00,21.0596546918643,79.01719338348013,Guitar,3
4,2024-01-22 21:00:00,21.176930489364135,79.00110312644287,Singing,1
5,2024-01-22 22:00:00,21.0596546918643,79.01719338348013,Guitar,3
1,2024-01-22 23:00:00,21.0596546918643,79.01719338348013,Gym,3
5,2024-01-23 00:00:00,21.0596546918643,79.01719338348013,Guitar,3
5,2024-01-23 01:00:00,21.0596546918643,79.01719338348013,Guitar,3
2,2024-01-23 02:00:00,21.116632988644838,79.04375565378935,Coding,6
2,2024-01-23 03:00:00,21.116632988644838,79.04375565378935,Coding,6
2,2024-01-23 04:00:00,21.0596546918643,79.01719338348013,Coding,3
5,2024-01-23 05:00:00,21.0596546918643,79.01719338348013,Guitar,3
3,2024-01-23 06:00:00,21.195957664432104,79.04878540439263,Badminton,4
5,2024-01-23 07:00:00,21.0596546918643,79.01719338348013,Guitar,3
3,2024-01-23 08:00:00,21.202096780577005,79.06365853487708,Badminton,2
3,2024-01-23 09:00:00,21.202096780577005,79.06365853487708,Badminton,2
2,2024-01-23 10:00:00,21.0596546918643,79.01719338348013,Coding,3
4,2024-01-23 11:00:00,21.0596546918643,79.01719338348013,Singing,3
1,2024-01-23 12:00:00,21.0596546918643,79.01719338348013,Gym,3
2,2024-01-23 13:00:00,21.116632988644838,79.04375565378935,Coding,6
2,2024-01-23 14:00:00,21.0596546918643,79.01719338348013,Coding,3
4,2024-01-23 15:00:00,21.0596546918643,79.01719338348013,Singing,3
1,2024-01-23 16:00:00,21.0596546918643,79.01719338348013,Gym,3
5,2024-01-23 17:00:00,21.195533468650392,79.07869033862552,Guitar,2
5,2024-01-23 18:00:00,21.0596546918643,79.01719338348013,Guitar,3
2,2024-01-23 19:00:00,21.116632988644838,79.04375565378935,Coding,6
1,2024-01-23 20:00:00,21.0596546918643,79.01719338348013,Gym,3
2,2024-01-23 21:00:00,21.116632988644838,79.04375565378935,Coding,6
3,2024-01-23 22:00:00,21.202096780577005,79.06365853487708,Badminton,2
2,2024-01-23 23:00:00,21.116632988644838,79.04375565378935,Coding,6
2,2024-01-24 00:00:00,21.116632988644838,79.04375565378935,Coding,6
5,2024-01-24 01:00:00,21.118096097430136,79.04441307790263,Guitar,6
5,2024-01-24 02:00:00,21.118096097430136,79.04441307790263,Guitar,6
5,2024-01-24 03:00:00,21.118096097430136,79.04441307790263,Guitar,6
3,2024-01-24 04:00:00,21.202096780577005,79.06365853487708,Badminton,2
5,2024-01-24 05:00:00,21.0596546918643,79.01719338348013,Guitar,3
1,2024-01-24 06:00:00,21.0978421648822,79.1654240021961,Gym,7
4,2024-01-24 07:00:00,21.0596546918643,79.01719338348013,Singing,3
1,2024-01-24 08:00:00,21.0596546918643,79.01719338348013,Gym,3
1,2024-01-24 09:00:00,21.135325140850206,79.02965355812876,Gym,6
5,2024-01-24 10:00:00,21.0596546918643,79.01719338348013,Guitar,3
4,2024-01-24 11:00:00,21.122951179695665,79.06388126700782,Singing,0
4,2024-01-24 12:00:00,21.0596546918643,79.01719338348013,Singing,3
4,2024-01-24 13:00:00,21.0596546918643,79.01719338348013,Singing,3
3,2024-01-24 14:00:00,21.0596546918643,79.01719338348013,Badminton,3
5,2024-01-24 15:00:00,21.1265046428325,79.0020944961031,Guitar,9
4,2024-01-24 16:00:00,21.0596546918643,79.01719338348013,Singing,3
3,2024-01-24 17:00:00,21.202096780577005,79.06365853487708,Badminton,2
2,2024-01-24 18:00:00,21.116632988644838,79.04375565378935,Coding,6
2,2024-01-24 19:00:00,21.0596546918643,79.01719338348013,Coding,3
3,2024-01-24 20:00:00,21.0596546918643,79.01719338348013,Badminton,3
3,2024-01-24 21:00:00,21.0596546918643,79.01719338348013,Badminton,3
5,2024-01-24 22:00:00,21.164390425354114,79.05303021332492,Guitar,2
5,2024-01-24 23:00:00,21.0596546918643,79.01719338348013,Guitar,3
2,2024-01-25 00:00:00,21.129282203670098,79.09799703293588,Coding,5
4,2024-01-25 01:00:00,21.122951179695665,79.06388126700782,Singing,0
2,2024-01-25 02:00:00,21.16564786073315,79.01280957463662,Coding,1
4,2024-01-25 03:00:00,21.0596546918643,79.01719338348013,Singing,3
4,2024-01-25 04:00:00,21.122951179695665,79.06388126700782,Singing,0
5,2024-01-25 05:00:00,21.0596546918643,79.01719338348013,Guitar,3
1,2024-01-25 06:00:00,21.0596546918643,79.01719338348013,Gym,3
1,2024-01-25 07:00:00,21.0596546918643,79.01719338348013,Gym,3
3,2024-01-25 08:00:00,21.124069271183252,79.01215013763009,Badminton,9
5,2024-01-25 09:00:00,21.0596546918643,79.01719338348013,Guitar,3
4,2024-01-25 10:00:00,21.122951179695665,79.06388126700782,Singing,0
1,2024-01-25 11:00:00,21.0596546918643,79.01719338348013,Gym,3
4,2024-01-25 12:00:00,21.18465143386903,79.09189265336396,Singing,-1
1,2024-01-25 13:00:00,21.0596546918643,79.01719338348013,Gym,3
1,2024-01-25 14:00:00,21.0978421648822,79.1654240021961,Gym,7
1,2024-01-25 15:00:00,21.17764474464997,79.0656161837681,Gym,2
5,2024-01-25 16:00:00,21.0596546918643,79.01719338348013,Guitar,3
2,2024-01-25 17:00:00,21.193738806649712,79.0043173735797,Coding,-1
4,2024-01-25 18:00:00,21.0596546918643,79.01719338348013,Singing,3
5,2024-01-25 19:00:00,21.0596546918643,79.01719338348013,Guitar,3
5,2024-01-25 20:00:00,21.12135113663107,79.05058526929518,Guitar,6
5,2024-01-25 21:00:00,21.154223720549187,79.05903476904588,Guitar,2
5,2024-01-25 22:00:00,21.118096097430136,79.04441307790263,Guitar,6
5,2024-01-25 23:00:00,21.118096097430136,79.04441307790263,Guitar,6
3,2024-01-26 00:00:00,21.202096780577005,79.06365853487708,Badminton,2
4,2024-01-26 01:00:00,21.122951179695665,79.06388126700782,Singing,0
5,2024-01-26 02:00:00,21.0596546918643,79.01719338348013,Guitar,3
4,2024-01-26 03:00:00,21.0596546918643,79.01719338348013,Singing,3
3,2024-01-26 04:00:00,21.0596546918643,79.01719338348013,Badminton,3
3,2024-01-26 05:00:00,21.109917809958723,79.04014943158613,Badminton,6
4,2024-01-26 06:00:00,21.122951179695665,79.06388126700782,Singing,0
1,2024-01-26 07:00:00,21.161598545026017,79.01880247346153,Gym,1
2,2024-01-26 08:00:00,21.0596546918643,79.01719338348013,Coding,3
1,2024-01-26 09:00:00,21.0978421648822,79.1654240021961,Gym,7
1,2024-01-26 10:00:00,21.0596546918643,79.01719338348013,Gym,3
1,2024-01-26 11:00:00,21.0978421648822,79.1654240021961,Gym,7
5,2024-01-26 12:00:00,21.118096097430136,79.04441307790263,Guitar,6
3,2024-01-26 13:00:00,21.202096780577005,79.06365853487708,Badminton,2
1,2024-01-26 14:00:00,21.0596546918643,79.01719338348013,Gym,3
3,2024-01-26 15:00:00,21.0596546918643,79.01719338348013,Badminton,3
4,2024-01-26 16:00:00,21.0596546918643,79.01719338348013,Singing,3
2,2024-01-26 17:00:00,21.136830953050687,79.04486106309545,Coding,-1
4,2024-01-26 18:00:00,21.15930443341868,79.03915256981779,Singing,2
4,2024-01-26 19:00:00,21.0596546918643,79.01719338348013,Singing,3
5,2024-01-26 20:00:00,21.118096097430136,79.04441307790263,Guitar,6
2,2024-01-26 21:00:00,21.116632988644838,79.04375565378935,Coding,6
4,2024-01-26 22:00:00,21.122951179695665,79.06388126700782,Singing,0
4,2024-01-26 23:00:00,21.122951179695665,79.06388126700782,Singing,0
2,2024-01-27 00:00:00,21.116632988644838,79.04375565378935,Coding,6
2,2024-01-27 01:00:00,21.116632988644838,79.04375565378935,Coding,6
4,2024-01-27 02:00:00,21.122951179695665,79.06388126700782,Singing,0
2,2024-01-27 03:00:00,21.126982072012822,79.082504941018,Coding,5
4,2024-01-27 04:00:00,21.0596546918643,79.01719338348013,Singing,3
4,2024-01-27 05:00:00,21.0596546918643,79.01719338348013,Singing,3
5,2024-01-27 06:00:00,21.0596546918643,79.01719338348013,Guitar,3
1,2024-01-27 07:00:00,21.0596546918643,79.01719338348013,Gym,3
4,2024-01-27 08:00:00,21.178861496467242,79.05172690564416,Singing,2
3,2024-01-27 09:00:00,21.0596546918643,79.01719338348013,Badminton,3
1,2024-01-27 10:00:00,21.0596546918643,79.01719338348013,Gym,3
1,2024-01-27 11:00:00,21.0596546918643,79.01719338348013,Gym,3
1,2024-01-27 12:00:00,21.0596546918643,79.01719338348013,Gym,3
5,2024-01-27 13:00:00,21.0596546918643,79.01719338348013,Guitar,3
4,2024-01-27 14:00:00,21.0596546918643,79.01719338348013,Singing,3
5,2024-01-27 15:00:00,21.199834751139296,79.09331133313435,Guitar,-1
4,2024-01-27 16:00:00,21.122951179695665,79.06388126700782,Singing,0
5,2024-01-27 17:00:00,21.11183361909234,79.04099048896963,Guitar,6
5,2024-01-27 18:00:00,21.118096097430136,79.04441307790263,Guitar,6
3,2024-01-27 19:00:00,21.202096780577005,79.06365853487708,Badminton,2
5,2024-01-27 20:00:00,21.0596546918643,79.01719338348013,Guitar,3
2,2024-01-27 21:00:00,21.0596546918643,79.01719338348013,Coding,3
3,2024-01-27 22:00:00,21.0596546918643,79.01719338348013,Badminton,3
5,2024-01-27 23:00:00,21.0596546918643,79.01719338348013,Guitar,3
1,2024-01-28 00:00:00,21.0596546918643,79.01719338348013,Gym,3
2,2024-01-28 01:00:00,21.116632988644838,79.04375565378935,Coding,6
2,2024-01-28 02:00:00,21.116632988644838,79.04375565378935,Coding,6
2,2024-01-28 03:00:00,21.116632988644838,79.04375565378935,Coding,6
3,2024-01-28 04:00:00,21.0596546918643,79.01719338348013,Badminton,3
5,2024-01-28 05:00:00,21.11861014178463,79.08026433097956,Guitar,5
5,2024-01-28 06:00:00,21.0596546918643,79.01719338348013,Guitar,3
1,2024-01-28 07:00:00,21.0596546918643,79.01719338348013,Gym,3
1,2024-01-28 08:00:00,21.0596546918643,79.01719338348013,Gym,3
2,2024-01-28 09:00:00,21.0596546918643,79.01719338348013,Coding,3
1,2024-01-28 10:00:00,21.0978421648822,79.1654240021961,Gym,7
3,2024-01-28 11:00:00,21.0596546918643,79.01719338348013,Badminton,3
5,2024-01-28 12:00:00,21.115890816766935,79.06102251494777,Guitar,0
2,2024-01-28 13:00:00,21.0596546918643,79.01719338348013,Coding,3
1,2024-01-28 14:00:00,21.0978421648822,79.1654240021961,Gym,7
3,2024-01-28 15:00:00,21.202096780577005,79.06365853487708,Badminton,2
3,2024-01-28 16:00:00,21.0596546918643,79.01719338348013,Badminton,3
1,2024-01-28 17:00:00,21.0596546918643,79.01719338348013,Gym,3
5,2024-01-28 18:00:00,21.0596546918643,79.01719338348013,Guitar,3
1,2024-01-28 19:00:00,21.0596546918643,79.01719338348013,Gym,3
2,2024-01-28 20:00:00,21.116632988644838,79.04375565378935,Coding,6
1,2024-01-28 21:00:00,21.0596546918643,79.01719338348013,Gym,3
3,2024-01-28 22:00:00,21.202096780577005,79.06365853487708,Badminton,2
1,2024-01-28 23:00:00,21.0978421648822,79.1654240021961,Gym,7
5,2024-01-29 00:00:00,21.0596546918643,79.01719338348013,Guitar,3
4,2024-01-29 01:00:00,21.0596546918643,79.01719338348013,Singing,3
1,2024-01-29 02:00:00,21.0596546918643,79.01719338348013,Gym,3
5,2024-01-29 03:00:00,21.118096097430136,79.04441307790263,Guitar,6
5,2024-01-29 04:00:00,21.118096097430136,79.04441307790263,Guitar,6
3,2024-01-29 05:00:00,21.0596546918643,79.01719338348013,Badminton,3
5,2024-01-29 06:00:00,21.118096097430136,79.04441307790263,Guitar,6
5,2024-01-29 07:00:00,21.156016818346185,79.0936822462033,Guitar,2
5,2024-01-29 08:00:00,21.0596546918643,79.01719338348013,Guitar,3
5,2024-01-29 09:00:00,21.0596546918643,79.01719338348013,Guitar,3
2,2024-01-29 10:00:00,21.0596546918643,79.01719338348013,Coding,3
2,2024-01-29 11:00:00,21.125653006244427,79.0654174601474,Coding,0
3,2024-01-29 12:00:00,21.0596546918643,79.01719338348013,Badminton,3
1,2024-01-29 13:00:00,21.0978421648822,79.1654240021961,Gym,7
5,2024-01-29 14:00:00,21.118096097430136,79.04441307790263,Guitar,6
1,2024-01-29 15:00:00,21.0596546918643,79.01719338348013,Gym,3
1,2024-01-29 16:00:00,21.0596546918643,79.01719338348013,Gym,3
3,2024-01-29 17:00:00,21.0596546918643,79.01719338348013,Badminton,3
5,2024-01-29 18:00:00,21.0596546918643,79.01719338348013,Guitar,3
5,2024-01-29 19:00:00,21.0596546918643,79.01719338348013,Guitar,3
4,2024-01-29 20:00:00,21.122951179695665,79.06388126700782,Singing,0
1,2024-01-29 21:00:00,21.0978421648822,79.1654240021961,Gym,7
1,2024-01-29 22:00:00,21.10676683619,79.07078350972297,Gym,0
2,2024-01-29 23:00:00,21.116632988644838,79.04375565378935,Coding,6
4,2024-01-30 00:00:00,21.0596546918643,79.01719338348013,Singing,3
2,2024-01-30 01:00:00,21.0596546918643,79.01719338348013,Coding,3
2,2024-01-30 02:00:00,21.0596546918643,79.01719338348013,Coding,3
2,2024-01-30 03:00:00,21.166902233732912,79.04622955610006,Coding,2
3,2024-01-30 04:00:00,21.0596546918643,79.01719338348013,Badminton,3
3,2024-01-30 05:00:00,21.202096780577005,79.06365853487708,Badminton,2
2,2024-01-30 06:00:00,21.0596546918643,79.01719338348013,Coding,3
4,2024-01-30 07:00:00,21.145923987759698,79.00519565775542,Singing,8
1,2024-01-30 08:00:00,21.0978421648822,79.1654240021961,Gym,7
4,2024-01-30 09:00:00,21.0596546918643,79.01719338348013,Singing,3
5,2024-01-30 10:00:00,21.0596546918643,79.01719338348013,Guitar,3
3,2024-01-30 11:00:00,21.0596546918643,79.01719338348013,Badminton,3
1,2024-01-30 12:00:00,21.0978421648822,79.1654240021961,Gym,7
1,2024-01-30 13:00:00,21.0596546918643,79.01719338348013,Gym,3
5,2024-01-30 14:00:00,21.1870578425046,79.02387962113815,Guitar,-1
5,2024-01-30 15:00:00,21.0596546918643,79.01719338348013,Guitar,3
2,2024-01-30 16:00:00,21.102716742122556,79.00652045912605,Coding,-1
3,2024-01-30 17:00:00,21.0596546918643,79.01719338348013,Badminton,3
3,2024-01-30 18:00:00,21.202096780577005,79.06365853487708,Badminton,2
4,2024-01-30 19:00:00,21.0596546918643,79.01719338348013,Singing,3
2,2024-01-30 20:00:00,21.0596546918643,79.01719338348013,Coding,3
2,2024-01-30 21:00:00,21.138042000750758,79.07756118509253,Coding,5
2,2024-01-30 22:00:00,21.116632988644838,79.04375565378935,Coding,6
2,2024-01-30 23:00:00,21.116632988644838,79.04375565378935,Coding,6
3,2024-01-31 00:00:00,21.202096780577005,79.06365853487708,Badminton,2
3,2024-01-31 01:00:00,21.139597047266246,79.0915090068407,Badminton,5
2,2024-01-31 02:00:00,21.116632988644838,79.04375565378935,Coding,6
4,2024-01-31 03:00:00,21.131676167706754,79.08571792569987,Singing,5
1,2024-01-31 04:00:00,21.0978421648822,79.1654240021961,Gym,7
1,2024-01-31 05:00:00,21.0978421648822,79.1654240021961,Gym,7
4,2024-01-31 06:00:00,21.0596546918643,79.01719338348013,Singing,3
2,2024-01-31 07:00:00,21.0596546918643,79.01719338348013,Coding,3
3,2024-01-31 08:00:00,21.202096780577005,79.06365853487708,Badminton,2
1,2024-01-31 09:00:00,21.0596546918643,79.01719338348013,Gym,3
5,2024-01-31 10:00:00,21.0596546918643,79.01719338348013,Guitar,3
5,2024-01-31 11:00:00,21.118096097430136,79.04441307790263,Guitar,6
4,2024-01-31 12:00:00,21.150520677357665,79.09671266152591,Singing,2
2,2024-01-31 13:00:00,21.0596546918643,79.01719338348013,Coding,3
1,2024-01-31 14:00:00,21.0978421648822,79.1654240021961,Gym,7
2,2024-01-31 15:00:00,21.116632988644838,79.04375565378935,Coding,6
1,2024-01-31 16:00:00,21.0978421648822,79.1654240021961,Gym,7
4,2024-01-31 17:00:00,21.0596546918643,79.01719338348013,Singing,3
4,2024-01-31 18:00:00,21.0596546918643,79.01719338348013,Singing,3
5,2024-01-31 19:00:00,21.118096097430136,79.04441307790263,Guitar,6
2,2024-01-31 20:00:00,21.107940658464305,79.07314964903404,Coding,0
5,2024-01-31 21:00:00,21.0596546918643,79.01719338348013,Guitar,3
2,2024-01-31 22:00:00,21.154079375498554,79.07102427986233,Coding,2
5,2024-01-31 23:00:00,21.0596546918643,79.01719338348013,Guitar,3
3,2024-02-01 00:00:00,21.0596546918643,79.01719338348013,Badminton,3
3,2024-02-01 01:00:00,21.202096780577005,79.06365853487708,Badminton,2
3,2024-02-01 02:00:00,21.0596546918643,79.01719338348013,Badminton,3
3,2024-02-01 03:00:00,21.0596546918643,79.01719338348013,Badminton,3
1,2024-02-01 04:00:00,21.0978421648822,79.1654240021961,Gym,7
3,2024-02-01 05:00:00,21.0596546918643,79.01719338348013,Badminton,3
4,2024-02-01 06:00:00,21.110063747852355,79.0239874112756,Singing,9
4,2024-02-01 07:00:00,21.0596546918643,79.01719338348013,Singing,3
1,2024-02-01 08:00:00,21.0596546918643,79.01719338348013,Gym,3
3,2024-02-01 09:00:00,21.0596546918643,79.01719338348013,Badminton,3
3,2024-02-01 10:00:00,21.202096780577005,79.06365853487708,Badminton,2
3,2024-02-01 11:00:00,21.202096780577005,79.06365853487708,Badminton,2
5,2024-02-01 12:00:00,21.118096097430136,79.04441307790263,Guitar,6
2,2024-02-01 13:00:00,21.116632988644838,79.04375565378935,Coding,6
5,2024-02-01 14:00:00,21.0596546918643,79.01719338348013,Guitar,3
2,2024-02-01 15:00:00,21.116632988644838,79.04375565378935,Coding,6
3,2024-02-01 16:00:00,21.202096780577005,79.06365853487708,Badminton,2
3,2024-02-01 17:00:00,21.0596546918643,79.01719338348013,Badminton,3
5,2024-02-01 18:00:00,21.118096097430136,79.04441307790263,Guitar,6
5,2024-02-01 19:00:00,21.118096097430136,79.04441307790263,Guitar,6
2,2024-02-01 20:00:00,21.116632988644838,79.04375565378935,Coding,6
4,2024-02-01 21:00:00,21.122951179695665,79.06388126700782,Singing,0
2,2024-02-01 22:00:00,21.0596546918643,79.01719338348013,Coding,3
5,2024-02-01 23:00:00,21.0596546918643,79.01719338348013,Guitar,3
5,2024-02-02 00:00:00,21.0596546918643,79.01719338348013,Guitar,3
1,2024-02-02 01:00:00,21.187120448226306,79.07660647765353,Gym,2
5,2024-02-02 02:00:00,21.118096097430136,79.04441307790263,Guitar,6
1,2024-02-02 03:00:00,21.0596546918643,79.01719338348013,Gym,3
4,2024-02-02 04:00:00,21.122951179695665,79.06388126700782,Singing,0
2,2024-02-02 05:00:00,21.116632988644838,79.04375565378935,Coding,6
2,2024-02-02 06:00:00,21.0596546918643,79.01719338348013,Coding,3
1,2024-02-02 07:00:00,21.0596546918643,79.01719338348013,Gym,3
2,2024-02-02 08:00:00,21.116632988644838,79.04375565378935,Coding,6
5,2024-02-02 09:00:00,21.0596546918643,79.01719338348013,Guitar,3
3,2024-02-02 10:00:00,21.202096780577005,79.06365853487708,Badminton,2
1,2024-02-02 11:00:00,21.0596546918643,79.01719338348013,Gym,3
2,2024-02-02 12:00:00,21.0596546918643,79.01719338348013,Coding,3
1,2024-02-02 13:00:00,21.12800373295505,79.0858341676799,Gym,5
1,2024-02-02 14:00:00,21.0596546918643,79.01719338348013,Gym,3
3,2024-02-02 15:00:00,21.180490677684144,79.00180065556005,Badminton,1
5,2024-02-02 16:00:00,21.130475109538615,79.08293946648588,Guitar,5
1,2024-02-02 17:00:00,21.0596546918643,79.01719338348013,Gym,3
2,2024-02-02 18:00:00,21.116632988644838,79.04375565378935,Coding,6
4,2024-02-02 19:00:00,21.122951179695665,79.06388126700782,Singing,0
1,2024-02-02 20:00:00,21.0596546918643,79.01719338348013,Gym,3
1,2024-02-02 21:00:00,21.0596546918643,79.01719338348013,Gym,3
3,2024-02-02 22:00:00,21.0596546918643,79.01719338348013,Badminton,3
5,2024-02-02 23:00:00,21.0596546918643,79.01719338348013,Guitar,3
4,2024-02-03 00:00:00,21.0596546918643,79.01719338348013,Singing,3
2,2024-02-03 01:00:00,21.116632988644838,79.04375565378935,Coding,6
4,2024-02-03 02:00:00,21.0596546918643,79.01719338348013,Singing,3
2,2024-02-03 03:00:00,21.116632988644838,79.04375565378935,Coding,6
5,2024-02-03 04:00:00,21.166780468322642,79.05932215701074,Guitar,2
2,2024-02-03 05:00:00,21.116632988644838,79.04375565378935,Coding,6
3,2024-02-03 06:00:00,21.0596546918643,79.01719338348013,Badminton,3
3,2024-02-03 07:00:00,21.0596546918643,79.01719338348013,Badminton,3
3,2024-02-03 08:00:00,21.202096780577005,79.06365853487708,Badminton,2
3,2024-02-03 09:00:00,21.185569609383755,79.05214456890435,Badminton,4
4,2024-02-03 10:00:00,21.0596546918643,79.01719338348013,Singing,3
5,2024-02-03 11:00:00,21.118096097430136,79.04441307790263,Guitar,6
2,2024-02-03 12:00:00,21.0596546918643,79.01719338348013,Coding,3
2,2024-02-03 13:00:00,21.0596546918643,79.01719338348013,Coding,3
3,2024-02-03 14:00:00,21.202096780577005,79.06365853487708,Badminton,2
3,2024-02-03 15:00:00,21.157177235204834,79.0517446351755,Badminton,2
1,2024-02-03 16:00:00,21.0596546918643,79.01719338348013,Gym,3
5,2024-02-03 17:00:00,21.0596546918643,79.01719338348013,Guitar,3
4,2024-02-03 18:00:00,21.0596546918643,79.01719338348013,Singing,3
2,2024-02-03 19:00:00,21.116632988644838,79.04375565378935,Coding,6
1,2024-02-03 20:00:00,21.0978421648822,79.1654240021961,Gym,7
1,2024-02-03 21:00:00,21.0978421648822,79.1654240021961,Gym,7
2,2024-02-03 22:00:00,21.123743346837482,79.05123637775458,Coding,6
4,2024-02-03 23:00:00,21.0596546918643,79.01719338348013,Singing,3
1,2024-02-04 00:00:00,21.0596546918643,79.01719338348013,Gym,3
1,2024-02-04 01:00:00,21.0596546918643,79.01719338348013,Gym,3
5,2024-02-04 02:00:00,21.160065106654837,79.07435939161765,Guitar,2
4,2024-02-04 03:00:00,21.122951179695665,79.06388126700782,Singing,0
1,2024-02-04 04:00:00,21.0596546918643,79.01719338348013,Gym,3
4,2024-02-04 05:00:00,21.0596546918643,79.01719338348013,Singing,3
2,2024-02-04 06:00:00,21.0596546918643,79.01719338348013,Coding,3
3,2024-02-04 07:00:00,21.0596546918643,79.01719338348013,Badminton,3
1,2024-02-04 08:00:00,21.0596546918643,79.01719338348013,Gym,3
5,2024-02-04 09:00:00,21.0596546918643,79.01719338348013,Guitar,3
2,2024-02-04 10:00:00,21.0596546918643,79.01719338348013,Coding,3
4,2024-02-04 11:00:00,21.122951179695665,79.06388126700782,Singing,0
2,2024-02-04 12:00:00,21.0596546918643,79.01719338348013,Coding,3
1,2024-02-04 13:00:00,21.0596546918643,79.01719338348013,Gym,3
4,2024-02-04 14:00:00,21.122951179695665,79.06388126700782,Singing,0
3,2024-02-04 15:00:00,21.0596546918643,79.01719338348013,Badminton,3
2,2024-02-04 16:00:00,21.116632988644838,79.04375565378935,Coding,6
1,2024-02-04 17:00:00,21.0596546918643,79.01719338348013,Gym,3
5,2024-02-04 18:00:00,21.0596546918643,79.01719338348013,Guitar,3
4,2024-02-04 19:00:00,21.0596546918643,79.01719338348013,Singing,3
2,2024-02-04 20:00:00,21.0596546918643,79.01719338348013,Coding,3
2,2024-02-04 21:00:00,21.0596546918643,79.01719338348013,Coding,3
3,2024-02-04 22:00:00,21.202096780577005,79.06365853487708,Badminton,2
3,2024-02-04 23:00:00,21.202096780577005,79.06365853487708,Badminton,2
5,2024-02-05 00:00:00,21.118096097430136,79.04441307790263,Guitar,6
5,2024-02-05 01:00:00,21.0596546918643,79.01719338348013,Guitar,3
1,2024-02-05 02:00:00,21.0978421648822,79.1654240021961,Gym,7
1,2024-02-05 03:00:00,21.0596546918643,79.01719338348013,Gym,3
5,2024-02-05 04:00:00,21.149354658034014,79.07022587660316,Guitar,2
5,2024-02-05 05:00:00,21.118096097430136,79.04441307790263,Guitar,6
4,2024-02-05 06:00:00,21.0596546918643,79.01719338348013,Singing,3
3,2024-02-05 07:00:00,21.0596546918643,79.01719338348013,Badminton,3
1,2024-02-05 08:00:00,21.0596546918643,79.01719338348013,Gym,3
3,2024-02-05 09:00:00,21.0596546918643,79.01719338348013,Badminton,3
3,2024-02-05 10:00:00,21.16079052140907,79.03093727178627,Badminton,10
5,2024-02-05 11:00:00,21.182119828255022,79.00015651051915,Guitar,1
4,2024-02-05 12:00:00,21.122951179695665,79.06388126700782,Singing,0
2,2024-02-05 13:00:00,21.0596546918643,79.01719338348013,Coding,3
4,2024-02-05 14:00:00,21.0596546918643,79.01719338348013,Singing,3
4,2024-02-05 15:00:00,21.122951179695665,79.06388126700782,Singing,0
3,2024-02-05 16:00:00,21.0596546918643,79.01719338348013,Badminton,3
4,2024-02-05 17:00:00,21.0596546918643,79.01719338348013,Singing,3
1,2024-02-05 18:00:00,21.0596546918643,79.01719338348013,Gym,3
3,2024-02-05 19:00:00,21.0596546918643,79.01719338348013,Badminton,3
1,2024-02-05 20:00:00,21.0596546918643,79.01719338348013,Gym,3
2,2024-02-05 21:00:00,21.0596546918643,79.01719338348013,Coding,3
3,2024-02-05 22:00:00,21.202096780577005,79.06365853487708,Badminton,2
2,2024-02-05 23:00:00,21.0596546918643,79.01719338348013,Coding,3
3,2024-02-06 00:00:00,21.0596546918643,79.01719338348013,Badminton,3
5,2024-02-06 01:00:00,21.118096097430136,79.04441307790263,Guitar,6
4,2024-02-06 02:00:00,21.122951179695665,79.06388126700782,Singing,0
5,2024-02-06 03:00:00,21.118096097430136,79.04441307790263,Guitar,6
2,2024-02-06 04:00:00,21.161257346834482,79.08736985934662,Coding,2
4,2024-02-06 05:00:00,21.122951179695665,79.06388126700782,Singing,0
3,2024-02-06 06:00:00,21.202096780577005,79.06365853487708,Badminton,2
4,2024-02-06 07:00:00,21.122951179695665,79.06388126700782,Singing,0
1,2024-02-06 08:00:00,21.0596546918643,79.01719338348013,Gym,3
4,2024-02-06 09:00:00,21.0596546918643,79.01719338348013,Singing,3
1,2024-02-06 10:00:00,21.0596546918643,79.01719338348013,Gym,3
4,2024-02-06 11:00:00,21.0596546918643,79.01719338348013,Singing,3
1,2024-02-06 12:00:00,21.0978421648822,79.1654240021961,Gym,7
2,2024-02-06 13:00:00,21.0596546918643,79.01719338348013,Coding,3
5,2024-02-06 14:00:00,21.118096097430136,79.04441307790263,Guitar,6
3,2024-02-06 15:00:00,21.202096780577005,79.06365853487708,Badminton,2
4,2024-02-06 16:00:00,21.122951179695665,79.06388126700782,Singing,0
5,2024-02-06 17:00:00,21.0596546918643,79.01719338348013,Guitar,3
3,2024-02-06 18:00:00,21.202096780577005,79.06365853487708,Badminton,2
3,2024-02-06 19:00:00,21.0596546918643,79.01719338348013,Badminton,3
1,2024-02-06 20:00:00,21.0978421648822,79.1654240021961,Gym,7
2,2024-02-06 21:00:00,21.185756233766128,79.09166352358412,Coding,-1
2,2024-02-06 22:00:00,21.0596546918643,79.01719338348013,Coding,3
5,2024-02-06 23:00:00,21.0596546918643,79.01719338348013,Guitar,3
2,2024-02-07 00:00:00,21.116632988644838,79.04375565378935,Coding,6
4,2024-02-07 01:00:00,21.168840501849214,79.037455288702,Singing,2
2,2024-02-07 02:00:00,21.0596546918643,79.01719338348013,Coding,3
5,2024-02-07 03:00:00,21.0596546918643,79.01719338348013,Guitar,3
2,2024-02-07 04:00:00,21.0596546918643,79.01719338348013,Coding,3
4,2024-02-07 05:00:00,21.122951179695665,79.06388126700782,Singing,0
1,2024-02-07 06:00:00,21.0596546918643,79.01719338348013,Gym,3
5,2024-02-07 07:00:00,21.0596546918643,79.01719338348013,Guitar,3
1,2024-02-07 08:00:00,21.0978421648822,79.1654240021961,Gym,7
1,2024-02-07 09:00:00,21.0596546918643,79.01719338348013,Gym,3
1,2024-02-07 10:00:00,21.0596546918643,79.01719338348013,Gym,3
3,2024-02-07 11:00:00,21.0596546918643,79.01719338348013,Badminton,3
3,2024-02-07 12:00:00,21.0596546918643,79.01719338348013,Badminton,3
1,2024-02-07 13:00:00,21.0978421648822,79.1654240021961,Gym,7
5,2024-02-07 14:00:00,21.0596546918643,79.01719338348013,Guitar,3
4,2024-02-07 15:00:00,21.0596546918643,79.01719338348013,Singing,3
4,2024-02-07 16:00:00,21.122951179695665,79.06388126700782,Singing,0
2,2024-02-07 17:00:00,21.116632988644838,79.04375565378935,Coding,6
5,2024-02-07 18:00:00,21.0596546918643,79.01719338348013,Guitar,3
3,2024-02-07 19:00:00,21.0596546918643,79.01719338348013,Badminton,3
1,2024-02-07 20:00:00,21.13842067129858,79.00389960125749,Gym,-1
2,2024-02-07 21:00:00,21.0596546918643,79.01719338348013,Coding,3
4,2024-02-07 22:00:00,21.0596546918643,79.01719338348013,Singing,3
3,2024-02-07 23:00:00,21.0596546918643,79.01719338348013,Badminton,3
3,2024-02-08 00:00:00,21.0596546918643,79.01719338348013,Badminton,3
1,2024-02-08 01:00:00,21.0978421648822,79.1654240021961,Gym,7
4,2024-02-08 02:00:00,21.0596546918643,79.01719338348013,Singing,3
5,2024-02-08 03:00:00,21.118096097430136,79.04441307790263,Guitar,6
3,2024-02-08 04:00:00,21.202096780577005,79.06365853487708,Badminton,2
1,2024-02-08 05:00:00,21.0978421648822,79.1654240021961,Gym,7
5,2024-02-08 06:00:00,21.128840543781877,79.09611354854076,Guitar,5
4,2024-02-08 07:00:00,21.0596546918643,79.01719338348013,Singing,3
3,2024-02-08 08:00:00,21.0596546918643,79.01719338348013,Badminton,3
5,2024-02-08 09:00:00,21.0596546918643,79.01719338348013,Guitar,3
5,2024-02-08 10:00:00,21.118096097430136,79.04441307790263,Guitar,6
5,2024-02-08 11:00:00,21.118096097430136,79.04441307790263,Guitar,6
3,2024-02-08 12:00:00,21.144044135031244,79.03023332493515,Badminton,6
3,2024-02-08 13:00:00,21.0596546918643,79.01719338348013,Badminton,3
2,2024-02-08 14:00:00,21.0596546918643,79.01719338348013,Coding,3
4,2024-02-08 15:00:00,21.0596546918643,79.01719338348013,Singing,3
1,2024-02-08 16:00:00,21.0596546918643,79.01719338348013,Gym,3
5,2024-02-08 17:00:00,21.0596546918643,79.01719338348013,Guitar,3
2,2024-02-08 18:00:00,21.116632988644838,79.04375565378935,Coding,6
1,2024-02-08 19:00:00,21.0596546918643,79.01719338348013,Gym,3
2,2024-02-08 20:00:00,21.116632988644838,79.04375565378935,Coding,6
3,2024-02-08 21:00:00,21.0596546918643,79.01719338348013,Badminton,3
5,2024-02-08 22:00:00,21.118096097430136,79.04441307790263,Guitar,6
1,2024-02-08 23:00:00,21.0596546918643,79.01719338348013,Gym,3
1,2024-02-09 00:00:00,21.162340595815945,79.05693773611823,Gym,2
1,2024-02-09 01:00:00,21.0978421648822,79.1654240021961,Gym,7
1,2024-02-09 02:00:00,21.0596546918643,79.01719338348013,Gym,3
1,2024-02-09 03:00:00,21.0596546918643,79.01719338348013,Gym,3
2,2024-02-09 04:00:00,21.0596546918643,79.01719338348013,Coding,3
5,2024-02-09 05:00:00,21.118096097430136,79.04441307790263,Guitar,6
3,2024-02-09 06:00:00,21.17221432354559,79.05333866287653,Badminton,2
3,2024-02-09 07:00:00,21.202096780577005,79.06365853487708,Badminton,2
3,2024-02-09 08:00:00,21.202096780577005,79.06365853487708,Badminton,2
3,2024-02-09 09:00:00,21.202096780577005,79.06365853487708,Badminton,2
2,2024-02-09 10:00:00,21.11487959694051,79.04626756050654,Coding,6
4,2024-02-09 11:00:00,21.122951179695665,79.06388126700782,Singing,0
5,2024-02-09 12:00:00,21.118096097430136,79.04441307790263,Guitar,6
1,2024-02-09 13:00:00,21.0596546918643,79.01719338348013,Gym,3
4,2024-02-09 14:00:00,21.0596546918643,79.01719338348013,Singing,3
3,2024-02-09 15:00:00,21.0596546918643,79.01719338348013,Badminton,3
4,2024-02-09 16:00:00,21.122951179695665,79.06388126700782,Singing,0
5,2024-02-09 17:00:00,21.118096097430136,79.04441307790263,Guitar,6
1,2024-02-09 18:00:00,21.19807393435834,79.04075842085737,Gym,4
1,2024-02-09 19:00:00,21.157352895145557,79.09560471436119,Gym,2
5,2024-02-09 20:00:00,21.0596546918643,79.01719338348013,Guitar,3
5,2024-02-09 21:00:00,21.0596546918643,79.01719338348013,Guitar,3
3,2024-02-09 22:00:00,21.202096780577005,79.06365853487708,Badminton,2
1,2024-02-09 23:00:00,21.106245759361908,79.0883464762986,Gym,5
4,2024-02-10 00:00:00,21.0596546918643,79.01719338348013,Singing,3
2,2024-02-10 01:00:00,21.116632988644838,79.04375565378935,Coding,6
2,2024-02-10 02:00:00,21.116632988644838,79.04375565378935,Coding,6
5,2024-02-10 03:00:00,21.0596546918643,79.01719338348013,Guitar,3
3,2024-02-10 04:00:00,21.16925324315371,79.01344351294081,Badminton,1
2,2024-02-10 05:00:00,21.0596546918643,79.01719338348013,Coding,3
1,2024-02-10 06:00:00,21.0596546918643,79.01719338348013,Gym,3
5,2024-02-10 07:00:00,21.118096097430136,79.04441307790263,Guitar,6
4,2024-02-10 08:00:00,21.0596546918643,79.01719338348013,Singing,3
5,2024-02-10 09:00:00,21.118096097430136,79.04441307790263,Guitar,6
4,2024-02-10 10:00:00,21.122951179695665,79.06388126700782,Singing,0
5,2024-02-10 11:00:00,21.118096097430136,79.04441307790263,Guitar,6
5,2024-02-10 12:00:00,21.0596546918643,79.01719338348013,Guitar,3
5,2024-02-10 13:00:00,21.174047613195352,79.01428502873009,Guitar,1
4,2024-02-10 14:00:00,21.165854051567006,79.07661159327955,Singing,2
4,2024-02-10 15:00:00,21.122951179695665,79.06388126700782,Singing,0
5,2024-02-10 16:00:00,21.0596546918643,79.01719338348013,Guitar,3
2,2024-02-10 17:00:00,21.0596546918643,79.01719338348013,Coding,3
3,2024-02-10 18:00:00,21.0596546918643,79.01719338348013,Badminton,3
3,2024-02-10 19:00:00,21.0596546918643,79.01719338348013,Badminton,3
3,2024-02-10 20:00:00,21.0596546918643,79.01719338348013,Badminton,3
4,2024-02-10 21:00:00,21.0596546918643,79.01719338348013,Singing,3
4,2024-02-10 22:00:00,21.0596546918643,79.01719338348013,Singing,3
2,2024-02-10 23:00:00,21.0596546918643,79.01719338348013,Coding,3
3,2024-02-11 00:00:00,21.107231647525794,79.09551152072916,Badminton,5
3,2024-02-11 01:00:00,21.202096780577005,79.06365853487708,Badminton,2
5,2024-02-11 02:00:00,21.0596546918643,79.01719338348013,Guitar,3
4,2024-02-11 03:00:00,21.17070864772667,79.0050226011464,Singing,1
3,2024-02-11 04:00:00,21.0596546918643,79.01719338348013,Badminton,3
2,2024-02-11 05:00:00,21.0596546918643,79.01719338348013,Coding,3
2,2024-02-11 06:00:00,21.0596546918643,79.01719338348013,Coding,3
3,2024-02-11 07:00:00,21.0596546918643,79.01719338348013,Badminton,3
4,2024-02-11 08:00:00,21.0596546918643,79.01719338348013,Singing,3
2,2024-02-11 09:00:00,21.140510269452758,79.09061110021324,Coding,-1
5,2024-02-11 10:00:00,21.0596546918643,79.01719338348013,Guitar,3
2,2024-02-11 11:00:00,21.0596546918643,79.01719338348013,Coding,3
1,2024-02-11 12:00:00,21.0596546918643,79.01719338348013,Gym,3
1,2024-02-11 13:00:00,21.16034930960434,79.03578140841135,Gym,2
4,2024-02-11 14:00:00,21.122951179695665,79.06388126700782,Singing,0
3,2024-02-11 15:00:00,21.202096780577005,79.06365853487708,Badminton,2
